"Fullname","PowerShell51","PowerShell61","PSStandard5","ExclusionReason"
"Microsoft.PowerShell.AdapterCodeMethods","True","False","False",""
"Microsoft.PowerShell.Cim.CimInstanceAdapter","True","True","True",""
"Microsoft.PowerShell.Cmdletization.BehaviorOnNoMatch","True","True","True",""
"Microsoft.PowerShell.Cmdletization.CmdletAdapter`1","True","True","True",""
"Microsoft.PowerShell.Cmdletization.MethodInvocationInfo","True","True","True",""
"Microsoft.PowerShell.Cmdletization.MethodParameter","True","True","True",""
"Microsoft.PowerShell.Cmdletization.MethodParameterBindings","True","True","True",""
"Microsoft.PowerShell.Cmdletization.QueryBuilder","True","True","True",""
"Microsoft.PowerShell.Cmdletization.Xml.ConfirmImpact","True","True","True",""
"Microsoft.PowerShell.Cmdletization.Xml.ItemsChoiceType","True","True","True",""
"Microsoft.PowerShell.Commands.AddHistoryCommand","True","True","True",""
"Microsoft.PowerShell.Commands.AddPSSnapinCommand","True","False","False",""
"Microsoft.PowerShell.Commands.AliasProvider","True","True","True",""
"Microsoft.PowerShell.Commands.AliasProviderDynamicParameters","True","True","True",""
"Microsoft.PowerShell.Commands.ClearHistoryCommand","True","True","True",""
"Microsoft.PowerShell.Commands.ConnectPSSessionCommand","True","False","False",""
"Microsoft.PowerShell.Commands.ConsoleCmdletsBase","True","False","False",""
"Microsoft.PowerShell.Commands.DebugJobCommand","True","True","True",""
"Microsoft.PowerShell.Commands.DisablePSRemotingCommand","True","False","False",""
"Microsoft.PowerShell.Commands.DisablePSSessionConfigurationCommand","True","False","False",""
"Microsoft.PowerShell.Commands.DisconnectPSSessionCommand","True","False","False",""
"Microsoft.PowerShell.Commands.EnablePSRemotingCommand","True","False","False",""
"Microsoft.PowerShell.Commands.EnablePSSessionConfigurationCommand","True","False","False",""
"Microsoft.PowerShell.Commands.EnterPSHostProcessCommand","True","False","False",""
"Microsoft.PowerShell.Commands.EnterPSSessionCommand","True","True","True",""
"Microsoft.PowerShell.Commands.EnvironmentProvider","True","True","True",""
"Microsoft.PowerShell.Commands.ExitPSHostProcessCommand","True","False","False",""
"Microsoft.PowerShell.Commands.ExitPSSessionCommand","True","True","True",""
"Microsoft.PowerShell.Commands.ExportConsoleCommand","True","False","False",""
"Microsoft.PowerShell.Commands.ExportModuleMemberCommand","True","True","True",""
"Microsoft.PowerShell.Commands.FileSystemClearContentDynamicParameters","True","True","True",""
"Microsoft.PowerShell.Commands.FileSystemCmdletProviderEncoding","True","False","False",""
"Microsoft.PowerShell.Commands.FileSystemContentDynamicParametersBase","True","True","True",""
"Microsoft.PowerShell.Commands.FileSystemContentReaderDynamicParameters","True","True","True",""
"Microsoft.PowerShell.Commands.FileSystemContentWriterDynamicParameters","True","True","True",""
"Microsoft.PowerShell.Commands.FileSystemItemProviderDynamicParameters","True","True","True",""
"Microsoft.PowerShell.Commands.FileSystemProvider","True","True","True",""
"Microsoft.PowerShell.Commands.FileSystemProviderGetItemDynamicParameters","True","True","True",""
"Microsoft.PowerShell.Commands.FileSystemProviderRemoveItemDynamicParameters","True","True","True",""
"Microsoft.PowerShell.Commands.ForEachObjectCommand","True","True","True",""
"Microsoft.PowerShell.Commands.FormatDefaultCommand","True","True","True",""
"Microsoft.PowerShell.Commands.FunctionProvider","True","True","True",""
"Microsoft.PowerShell.Commands.FunctionProviderDynamicParameters","True","True","True",""
"Microsoft.PowerShell.Commands.GetCommandCommand","True","True","True",""
"Microsoft.PowerShell.Commands.GetExperimentalFeatureCommand","False","True","False",""
"Microsoft.PowerShell.Commands.GetHelpCodeMethods","True","True","True",""
"Microsoft.PowerShell.Commands.GetHelpCommand","True","True","True",""
"Microsoft.PowerShell.Commands.GetHistoryCommand","True","True","True",""
"Microsoft.PowerShell.Commands.GetJobCommand","True","True","True",""
"Microsoft.PowerShell.Commands.GetModuleCommand","True","True","True",""
"Microsoft.PowerShell.Commands.GetPSHostProcessInfoCommand","True","False","False",""
"Microsoft.PowerShell.Commands.GetPSSessionCapabilityCommand","True","False","False",""
"Microsoft.PowerShell.Commands.GetPSSessionCommand","True","True","True",""
"Microsoft.PowerShell.Commands.GetPSSessionConfigurationCommand","True","False","False",""
"Microsoft.PowerShell.Commands.GetPSSnapinCommand","True","False","False",""
"Microsoft.PowerShell.Commands.HelpCategoryInvalidException","True","True","True",""
"Microsoft.PowerShell.Commands.HelpNotFoundException","True","True","True",""
"Microsoft.PowerShell.Commands.HistoryInfo","True","True","True",""
"Microsoft.PowerShell.Commands.ImportModuleCommand","True","True","True",""
"Microsoft.PowerShell.Commands.Internal.Format.FrontEndCommandBase","True","True","True",""
"Microsoft.PowerShell.Commands.Internal.Format.OuterFormatShapeCommandBase","True","True","True",""
"Microsoft.PowerShell.Commands.Internal.Format.OuterFormatTableAndListBase","True","True","True",""
"Microsoft.PowerShell.Commands.Internal.Format.OuterFormatTableBase","True","True","True",""
"Microsoft.PowerShell.Commands.Internal.RemotingErrorResources","True","False","False",""
"Microsoft.PowerShell.Commands.Internal.TransactedRegistryAccessRule","True","False","False",""
"Microsoft.PowerShell.Commands.Internal.TransactedRegistryAuditRule","True","False","False",""
"Microsoft.PowerShell.Commands.Internal.TransactedRegistryKey","True","False","False",""
"Microsoft.PowerShell.Commands.Internal.TransactedRegistrySecurity","True","False","False",""
"Microsoft.PowerShell.Commands.InternalSymbolicLinkLinkCodeMethods","True","True","True",""
"Microsoft.PowerShell.Commands.InvokeCommandCommand","True","True","True",""
"Microsoft.PowerShell.Commands.InvokeHistoryCommand","True","True","True",""
"Microsoft.PowerShell.Commands.JobCmdletBase","True","True","True",""
"Microsoft.PowerShell.Commands.Management.TransactedString","True","False","False",""
"Microsoft.PowerShell.Commands.ModuleCmdletBase","True","True","True",""
"Microsoft.PowerShell.Commands.ModuleSpecification","True","True","True",""
"Microsoft.PowerShell.Commands.NewModuleCommand","True","True","True",""
"Microsoft.PowerShell.Commands.NewModuleManifestCommand","True","True","True",""
"Microsoft.PowerShell.Commands.NewPSRoleCapabilityFileCommand","True","True","True",""
"Microsoft.PowerShell.Commands.NewPSSessionCommand","True","True","True",""
"Microsoft.PowerShell.Commands.NewPSSessionConfigurationFileCommand","True","False","False",""
"Microsoft.PowerShell.Commands.NewPSSessionOptionCommand","True","False","False",""
"Microsoft.PowerShell.Commands.NewPSTransportOptionCommand","True","True","True",""
"Microsoft.PowerShell.Commands.NounArgumentCompleter","True","True","True",""
"Microsoft.PowerShell.Commands.ObjectEventRegistrationBase","True","True","True",""
"Microsoft.PowerShell.Commands.OpenMode","True","True","True",""
"Microsoft.PowerShell.Commands.OutDefaultCommand","True","True","True",""
"Microsoft.PowerShell.Commands.OutHostCommand","True","True","True",""
"Microsoft.PowerShell.Commands.OutLineOutputCommand","True","True","True",""
"Microsoft.PowerShell.Commands.OutNullCommand","True","True","True",""
"Microsoft.PowerShell.Commands.OutTarget","True","False","False",""
"Microsoft.PowerShell.Commands.PSEditionArgumentCompleter","True","True","True",""
"Microsoft.PowerShell.Commands.PSExecutionCmdlet","True","True","True",""
"Microsoft.PowerShell.Commands.PSHostProcessInfo","True","False","False",""
"Microsoft.PowerShell.Commands.PSPropertyExpression","False","True","False",""
"Microsoft.PowerShell.Commands.PSPropertyExpressionResult","False","True","False",""
"Microsoft.PowerShell.Commands.PSRemotingBaseCmdlet","True","True","True",""
"Microsoft.PowerShell.Commands.PSRemotingCmdlet","True","True","True",""
"Microsoft.PowerShell.Commands.PSRunspaceCmdlet","True","True","True",""
"Microsoft.PowerShell.Commands.PSSessionConfigurationCommandBase","True","False","False",""
"Microsoft.PowerShell.Commands.PSSnapInCommandBase","True","False","False",""
"Microsoft.PowerShell.Commands.ReceiveJobCommand","True","True","True",""
"Microsoft.PowerShell.Commands.ReceivePSSessionCommand","True","False","False",""
"Microsoft.PowerShell.Commands.RegisterPSSessionConfigurationCommand","True","False","False",""
"Microsoft.PowerShell.Commands.RegistryProvider","True","False","False",""
"Microsoft.PowerShell.Commands.RegistryProviderSetItemDynamicParameter","True","False","False",""
"Microsoft.PowerShell.Commands.RemoveJobCommand","True","True","True",""
"Microsoft.PowerShell.Commands.RemoveModuleCommand","True","True","True",""
"Microsoft.PowerShell.Commands.RemovePSSessionCommand","True","True","True",""
"Microsoft.PowerShell.Commands.RemovePSSnapinCommand","True","False","False",""
"Microsoft.PowerShell.Commands.ResumeJobCommand","True","True","True",""
"Microsoft.PowerShell.Commands.SaveHelpCommand","True","True","True",""
"Microsoft.PowerShell.Commands.SessionFilterState","True","True","True",""
"Microsoft.PowerShell.Commands.SessionStateProviderBase","True","True","True",""
"Microsoft.PowerShell.Commands.SessionStateProviderBaseContentReaderWriter","True","True","True",""
"Microsoft.PowerShell.Commands.SetPSDebugCommand","True","True","True",""
"Microsoft.PowerShell.Commands.SetPSSessionConfigurationCommand","True","False","False",""
"Microsoft.PowerShell.Commands.SetStrictModeCommand","True","True","True",""
"Microsoft.PowerShell.Commands.StartJobCommand","True","True","True",""
"Microsoft.PowerShell.Commands.StopJobCommand","True","True","True",""
"Microsoft.PowerShell.Commands.SuspendJobCommand","True","True","True",""
"Microsoft.PowerShell.Commands.TestModuleManifestCommand","True","True","True",""
"Microsoft.PowerShell.Commands.TestPSSessionConfigurationFileCommand","True","False","False",""
"Microsoft.PowerShell.Commands.UnregisterPSSessionConfigurationCommand","True","False","False",""
"Microsoft.PowerShell.Commands.UpdatableHelpCommandBase","True","True","True",""
"Microsoft.PowerShell.Commands.UpdateHelpCommand","True","True","True",""
"Microsoft.PowerShell.Commands.UpdateHelpScope","False","True","False",""
"Microsoft.PowerShell.Commands.VariableProvider","True","True","True",""
"Microsoft.PowerShell.Commands.WaitJobCommand","True","True","True",""
"Microsoft.PowerShell.Commands.WhereObjectCommand","True","True","True",""
"Microsoft.PowerShell.Commands.WSManConfigurationOption","True","True","True",""
"Microsoft.PowerShell.CoreClr.Stubs.AuthenticationLevel","False","True","False",""
"Microsoft.PowerShell.CoreClr.Stubs.ImpersonationLevel","False","True","False",""
"Microsoft.PowerShell.DeserializingTypeConverter","True","True","True",""
"Microsoft.PowerShell.DesiredStateConfiguration.ArgumentToConfigurationDataTransformationAttribute","True","True","False","Dsc not core"
"Microsoft.PowerShell.DesiredStateConfiguration.Internal.DscClassCache","True","True","False","Dsc not core"
"Microsoft.PowerShell.DesiredStateConfiguration.Internal.DscRemoteOperationsClass","True","True","False","Dsc not core"
"Microsoft.PowerShell.ExecutionPolicy","True","True","True",""
"Microsoft.PowerShell.ExecutionPolicyScope","True","True","True",""
"Microsoft.PowerShell.ProcessCodeMethods","False","True","False",""
"Microsoft.PowerShell.PSAuthorizationManager","True","True","True",""
"Microsoft.PowerShell.PSCorePSSnapIn","True","False","False",""
"Microsoft.PowerShell.Telemetry.Internal.TelemetryAPI","True","False","False",""
"Microsoft.PowerShell.ToStringCodeMethods","True","True","True",""
"System.Management.Automation.ActionPreference","True","True","True",""
"System.Management.Automation.ActionPreferenceStopException","True","True","True",""
"System.Management.Automation.AliasAttribute","True","True","True",""
"System.Management.Automation.AliasInfo","True","True","True",""
"System.Management.Automation.Alignment","True","True","True",""
"System.Management.Automation.AllowEmptyCollectionAttribute","True","True","True",""
"System.Management.Automation.AllowEmptyStringAttribute","True","True","True",""
"System.Management.Automation.AllowNullAttribute","True","True","True",""
"System.Management.Automation.ApplicationFailedException","True","True","True",""
"System.Management.Automation.ApplicationInfo","True","True","True",""
"System.Management.Automation.ArgumentCompleterAttribute","True","True","True",""
"System.Management.Automation.ArgumentCompletionsAttribute","False","True","False",""
"System.Management.Automation.ArgumentTransformationAttribute","True","True","True",""
"System.Management.Automation.ArgumentTransformationMetadataException","True","True","True",""
"System.Management.Automation.AuthorizationManager","True","True","True",""
"System.Management.Automation.BackgroundDispatcher","True","False","False",""
"System.Management.Automation.BreakException","True","True","True",""
"System.Management.Automation.Breakpoint","True","True","True",""
"System.Management.Automation.BreakpointUpdatedEventArgs","True","True","True",""
"System.Management.Automation.BreakpointUpdateType","True","True","True",""
"System.Management.Automation.CachedValidValuesGeneratorBase","False","True","False",""
"System.Management.Automation.CallStackFrame","True","True","True",""
"System.Management.Automation.CatalogInformation","True","False","False",""
"System.Management.Automation.CatalogValidationStatus","True","False","False",""
"System.Management.Automation.ChildItemCmdletProviderIntrinsics","True","True","True",""
"System.Management.Automation.Cmdlet","True","True","True",""
"System.Management.Automation.CmdletAttribute","True","True","True",""
"System.Management.Automation.CmdletBindingAttribute","True","True","True",""
"System.Management.Automation.CmdletCommonMetadataAttribute","True","True","True",""
"System.Management.Automation.CmdletInfo","True","True","True",""
"System.Management.Automation.CmdletInvocationException","True","True","True",""
"System.Management.Automation.CmdletProviderInvocationException","True","True","True",""
"System.Management.Automation.CmdletProviderManagementIntrinsics","True","True","True",""
"System.Management.Automation.CmsMessageRecipient","True","True","True",""
"System.Management.Automation.CommandBreakpoint","True","True","True",""
"System.Management.Automation.CommandCompletion","True","True","True",""
"System.Management.Automation.CommandInfo","True","True","True",""
"System.Management.Automation.CommandInvocationIntrinsics","True","True","True",""
"System.Management.Automation.CommandLookupEventArgs","True","True","True",""
"System.Management.Automation.CommandMetadata","True","True","True",""
"System.Management.Automation.CommandNotFoundException","True","True","True",""
"System.Management.Automation.CommandOrigin","True","True","True",""
"System.Management.Automation.CommandParameterInfo","True","True","True",""
"System.Management.Automation.CommandParameterSetInfo","True","True","True",""
"System.Management.Automation.CommandTypes","True","True","True",""
"System.Management.Automation.CompletionCompleters","True","True","True",""
"System.Management.Automation.CompletionResult","True","True","True",""
"System.Management.Automation.CompletionResultType","True","True","True",""
"System.Management.Automation.ConfigurationInfo","True","True","True",""
"System.Management.Automation.ConfirmImpact","True","True","True",""
"System.Management.Automation.ContainerParentJob","True","True","True",""
"System.Management.Automation.ContentCmdletProviderIntrinsics","True","True","True",""
"System.Management.Automation.ContinueException","True","True","True",""
"System.Management.Automation.ConvertThroughString","True","True","True",""
"System.Management.Automation.CopyContainers","True","True","True",""
"System.Management.Automation.CredentialAttribute","True","True","True",""
"System.Management.Automation.CustomControl","True","True","True",""
"System.Management.Automation.CustomControlBuilder","True","True","True",""
"System.Management.Automation.CustomControlEntry","True","True","True",""
"System.Management.Automation.CustomEntryBuilder","True","True","True",""
"System.Management.Automation.CustomItemBase","True","True","True",""
"System.Management.Automation.CustomItemExpression","True","True","True",""
"System.Management.Automation.CustomItemFrame","True","True","True",""
"System.Management.Automation.CustomItemNewline","True","True","True",""
"System.Management.Automation.CustomItemText","True","True","True",""
"System.Management.Automation.CustomPSSnapIn","True","False","False",""
"System.Management.Automation.DataAddedEventArgs","True","True","True",""
"System.Management.Automation.DataAddingEventArgs","True","True","True",""
"System.Management.Automation.Debugger","True","True","True",""
"System.Management.Automation.DebuggerCommandResults","True","True","True",""
"System.Management.Automation.DebuggerResumeAction","True","True","True",""
"System.Management.Automation.DebuggerStopEventArgs","True","True","True",""
"System.Management.Automation.DebugModes","True","True","True",""
"System.Management.Automation.DebugRecord","True","True","True",""
"System.Management.Automation.DebugSource","True","False","False",""
"System.Management.Automation.DefaultParameterDictionary","True","True","True",""
"System.Management.Automation.DisplayEntry","True","True","True",""
"System.Management.Automation.DisplayEntryValueType","True","True","True",""
"System.Management.Automation.DriveManagementIntrinsics","True","True","True",""
"System.Management.Automation.DriveNotFoundException","True","True","True",""
"System.Management.Automation.DscLocalConfigurationManagerAttribute","True","True","True",""
"System.Management.Automation.DscPropertyAttribute","True","True","True",""
"System.Management.Automation.DscResourceAttribute","True","True","True",""
"System.Management.Automation.DscResourceInfo","True","True","True",""
"System.Management.Automation.DscResourcePropertyInfo","True","True","True",""
"System.Management.Automation.DSCResourceRunAsCredential","True","True","True",""
"System.Management.Automation.DynamicClassImplementationAssemblyAttribute","True","True","True",""
"System.Management.Automation.EngineIntrinsics","True","True","True",""
"System.Management.Automation.EntrySelectedBy","True","True","True",""
"System.Management.Automation.ErrorCategory","True","True","True",""
"System.Management.Automation.ErrorCategoryInfo","True","True","True",""
"System.Management.Automation.ErrorDetails","True","True","True",""
"System.Management.Automation.ErrorRecord","True","True","True",""
"System.Management.Automation.ExitException","True","True","True",""
"System.Management.Automation.ExperimentAction","False","True","False",""
"System.Management.Automation.ExperimentalAttribute","False","True","False",""
"System.Management.Automation.ExperimentalFeature","False","True","False",""
"System.Management.Automation.ExtendedTypeDefinition","True","True","True",""
"System.Management.Automation.ExtendedTypeSystemException","True","True","True",""
"System.Management.Automation.ExternalScriptInfo","True","True","True",""
"System.Management.Automation.FilterInfo","True","True","True",""
"System.Management.Automation.FlagsExpression`1","True","True","True",""
"System.Management.Automation.FlowControlException","True","True","True",""
"System.Management.Automation.FormatViewDefinition","True","True","True",""
"System.Management.Automation.ForwardedEventArgs","True","True","True",""
"System.Management.Automation.FunctionInfo","True","True","True",""
"System.Management.Automation.GetSymmetricEncryptionKey","True","True","False","Candidate for restoration - corefx now supports secure string"
"System.Management.Automation.GettingValueExceptionEventArgs","True","True","True",""
"System.Management.Automation.GetValueException","True","True","True",""
"System.Management.Automation.GetValueInvocationException","True","True","True",""
"System.Management.Automation.HaltCommandException","True","True","True",""
"System.Management.Automation.HiddenAttribute","True","True","True",""
"System.Management.Automation.Host.BufferCell","True","True","True",""
"System.Management.Automation.Host.BufferCellType","True","True","True",""
"System.Management.Automation.Host.ChoiceDescription","True","True","True",""
"System.Management.Automation.Host.ControlKeyStates","True","True","True",""
"System.Management.Automation.Host.Coordinates","True","True","True",""
"System.Management.Automation.Host.FieldDescription","True","True","True",""
"System.Management.Automation.Host.HostException","True","True","True",""
"System.Management.Automation.Host.IHostSupportsInteractiveSession","True","True","True",""
"System.Management.Automation.Host.IHostUISupportsMultipleChoiceSelection","True","True","True",""
"System.Management.Automation.Host.KeyInfo","True","True","True",""
"System.Management.Automation.Host.PromptingException","True","True","True",""
"System.Management.Automation.Host.PSHost","True","True","True",""
"System.Management.Automation.Host.PSHostRawUserInterface","True","True","True",""
"System.Management.Automation.Host.PSHostUserInterface","True","True","True",""
"System.Management.Automation.Host.ReadKeyOptions","True","True","True",""
"System.Management.Automation.Host.Rectangle","True","True","True",""
"System.Management.Automation.Host.Size","True","True","True",""
"System.Management.Automation.HostInformationMessage","True","True","True",""
"System.Management.Automation.HostUtilities","True","True","True",""
"System.Management.Automation.IArgumentCompleter","True","True","True",""
"System.Management.Automation.IBackgroundDispatcher","True","False","False",""
"System.Management.Automation.ICommandRuntime","True","True","True",""
"System.Management.Automation.ICommandRuntime2","True","True","True",""
"System.Management.Automation.IContainsErrorRecord","True","True","True",""
"System.Management.Automation.IDynamicParameters","True","True","True",""
"System.Management.Automation.IJobDebugger","True","True","True",""
"System.Management.Automation.IModuleAssemblyCleanup","True","True","True",""
"System.Management.Automation.IModuleAssemblyInitializer","True","True","True",""
"System.Management.Automation.ImplementedAsType","True","True","True",""
"System.Management.Automation.IncompleteParseException","True","True","True",""
"System.Management.Automation.InformationalRecord","True","True","True",""
"System.Management.Automation.InformationRecord","True","True","True",""
"System.Management.Automation.Internal.AlternateDataStreamUtilities","True","False","False",""
"System.Management.Automation.Internal.AlternateStreamData","True","False","False",""
"System.Management.Automation.Internal.AutomationNull","True","True","True",""
"System.Management.Automation.Internal.ClassOps","True","True","True",""
"System.Management.Automation.Internal.CmdletMetadataAttribute","True","True","True",""
"System.Management.Automation.Internal.CommonParameters","True","True","True",""
"System.Management.Automation.Internal.DebuggerUtils","True","True","True",""
"System.Management.Automation.Internal.IAstToWorkflowConverter","True","False","False",""
"System.Management.Automation.Internal.InternalCommand","True","True","True",""
"System.Management.Automation.Internal.InternalTestHooks","True","True","True",""
"System.Management.Automation.Internal.ParsingBaseAttribute","True","True","True",""
"System.Management.Automation.Internal.PSEmbeddedMonitorRunspaceInfo","True","True","True",""
"System.Management.Automation.Internal.PSMonitorRunspaceInfo","True","True","True",""
"System.Management.Automation.Internal.PSMonitorRunspaceType","True","True","True",""
"System.Management.Automation.Internal.PSStandaloneMonitorRunspaceInfo","True","True","True",""
"System.Management.Automation.Internal.ScriptBlockMemberMethodWrapper","True","True","True",""
"System.Management.Automation.Internal.SecuritySupport","True","True","True",""
"System.Management.Automation.Internal.SessionStateKeeper","True","True","True",""
"System.Management.Automation.Internal.ShouldProcessParameters","True","True","True",""
"System.Management.Automation.Internal.TransactionParameters","True","True","False","Transactions not supported in PS Core"
"System.Management.Automation.InvalidJobStateException","True","True","True",""
"System.Management.Automation.InvalidPowerShellStateException","True","True","True",""
"System.Management.Automation.InvocationInfo","True","True","True",""
"System.Management.Automation.IResourceSupplier","True","True","True",""
"System.Management.Automation.ItemCmdletProviderIntrinsics","True","True","True",""
"System.Management.Automation.ItemNotFoundException","True","True","True",""
"System.Management.Automation.IValidateSetValuesGenerator","False","True","False",""
"System.Management.Automation.Job","True","True","True",""
"System.Management.Automation.Job2","True","True","True",""
"System.Management.Automation.JobDataAddedEventArgs","True","True","True",""
"System.Management.Automation.JobDefinition","True","True","True",""
"System.Management.Automation.JobFailedException","True","True","True",""
"System.Management.Automation.JobIdentifier","True","True","True",""
"System.Management.Automation.JobInvocationInfo","True","True","True",""
"System.Management.Automation.JobManager","True","True","True",""
"System.Management.Automation.JobRepository","True","True","True",""
"System.Management.Automation.JobSourceAdapter","True","True","True",""
"System.Management.Automation.JobState","True","True","True",""
"System.Management.Automation.JobStateEventArgs","True","True","True",""
"System.Management.Automation.JobStateInfo","True","True","True",""
"System.Management.Automation.JobThreadOptions","True","True","True",""
"System.Management.Automation.Language.ArrayExpressionAst","True","True","True",""
"System.Management.Automation.Language.ArrayLiteralAst","True","True","True",""
"System.Management.Automation.Language.ArrayTypeName","True","True","True",""
"System.Management.Automation.Language.AssignmentStatementAst","True","True","True",""
"System.Management.Automation.Language.Ast","True","True","True",""
"System.Management.Automation.Language.AstVisitAction","True","True","True",""
"System.Management.Automation.Language.AstVisitor","True","True","True",""
"System.Management.Automation.Language.AstVisitor2","True","True","True",""
"System.Management.Automation.Language.AttributeAst","True","True","True",""
"System.Management.Automation.Language.AttributeBaseAst","True","True","True",""
"System.Management.Automation.Language.AttributedExpressionAst","True","True","True",""
"System.Management.Automation.Language.BaseCtorInvokeMemberExpressionAst","True","True","True",""
"System.Management.Automation.Language.BinaryExpressionAst","True","True","True",""
"System.Management.Automation.Language.BlockStatementAst","True","True","True",""
"System.Management.Automation.Language.BreakStatementAst","True","True","True",""
"System.Management.Automation.Language.CatchClauseAst","True","True","True",""
"System.Management.Automation.Language.CodeGeneration","True","True","True",""
"System.Management.Automation.Language.CommandAst","True","True","True",""
"System.Management.Automation.Language.CommandBaseAst","True","True","True",""
"System.Management.Automation.Language.CommandElementAst","True","True","True",""
"System.Management.Automation.Language.CommandExpressionAst","True","True","True",""
"System.Management.Automation.Language.CommandParameterAst","True","True","True",""
"System.Management.Automation.Language.CommentHelpInfo","True","True","True",""
"System.Management.Automation.Language.ConfigurationDefinitionAst","True","True","True",""
"System.Management.Automation.Language.ConfigurationType","True","True","True",""
"System.Management.Automation.Language.ConstantExpressionAst","True","True","True",""
"System.Management.Automation.Language.ContinueStatementAst","True","True","True",""
"System.Management.Automation.Language.ConvertExpressionAst","True","True","True",""
"System.Management.Automation.Language.DataStatementAst","True","True","True",""
"System.Management.Automation.Language.DefaultCustomAstVisitor","True","True","True",""
"System.Management.Automation.Language.DefaultCustomAstVisitor2","True","True","True",""
"System.Management.Automation.Language.DoUntilStatementAst","True","True","True",""
"System.Management.Automation.Language.DoWhileStatementAst","True","True","True",""
"System.Management.Automation.Language.DynamicKeyword","True","True","True",""
"System.Management.Automation.Language.DynamicKeywordBodyMode","True","True","True",""
"System.Management.Automation.Language.DynamicKeywordNameMode","True","True","True",""
"System.Management.Automation.Language.DynamicKeywordParameter","True","True","True",""
"System.Management.Automation.Language.DynamicKeywordProperty","True","True","True",""
"System.Management.Automation.Language.DynamicKeywordStatementAst","True","True","True",""
"System.Management.Automation.Language.ErrorExpressionAst","True","True","True",""
"System.Management.Automation.Language.ErrorStatementAst","True","True","True",""
"System.Management.Automation.Language.ExitStatementAst","True","True","True",""
"System.Management.Automation.Language.ExpandableStringExpressionAst","True","True","True",""
"System.Management.Automation.Language.ExpressionAst","True","True","True",""
"System.Management.Automation.Language.FileRedirectionAst","True","True","True",""
"System.Management.Automation.Language.FileRedirectionToken","True","True","True",""
"System.Management.Automation.Language.ForEachFlags","True","True","True",""
"System.Management.Automation.Language.ForEachStatementAst","True","True","True",""
"System.Management.Automation.Language.ForStatementAst","True","True","True",""
"System.Management.Automation.Language.FunctionDefinitionAst","True","True","True",""
"System.Management.Automation.Language.FunctionMemberAst","True","True","True",""
"System.Management.Automation.Language.GenericTypeName","True","True","True",""
"System.Management.Automation.Language.HashtableAst","True","True","True",""
"System.Management.Automation.Language.IAstPostVisitHandler","True","True","True",""
"System.Management.Automation.Language.ICustomAstVisitor","True","True","True",""
"System.Management.Automation.Language.ICustomAstVisitor2","True","True","True",""
"System.Management.Automation.Language.IfStatementAst","True","True","True",""
"System.Management.Automation.Language.IndexExpressionAst","True","True","True",""
"System.Management.Automation.Language.InputRedirectionToken","True","True","True",""
"System.Management.Automation.Language.InvokeMemberExpressionAst","True","True","True",""
"System.Management.Automation.Language.IScriptExtent","True","True","True",""
"System.Management.Automation.Language.IScriptPosition","True","True","True",""
"System.Management.Automation.Language.ITypeName","True","True","True",""
"System.Management.Automation.Language.LabeledStatementAst","True","True","True",""
"System.Management.Automation.Language.LabelToken","True","True","True",""
"System.Management.Automation.Language.LoopStatementAst","True","True","True",""
"System.Management.Automation.Language.MemberAst","True","True","True",""
"System.Management.Automation.Language.MemberExpressionAst","True","True","True",""
"System.Management.Automation.Language.MergingRedirectionAst","True","True","True",""
"System.Management.Automation.Language.MergingRedirectionToken","True","True","True",""
"System.Management.Automation.Language.MethodAttributes","True","True","True",""
"System.Management.Automation.Language.NamedAttributeArgumentAst","True","True","True",""
"System.Management.Automation.Language.NamedBlockAst","True","True","True",""
"System.Management.Automation.Language.NullString","True","True","True",""
"System.Management.Automation.Language.NumberToken","True","True","True",""
"System.Management.Automation.Language.ParamBlockAst","True","True","True",""
"System.Management.Automation.Language.ParameterAst","True","True","True",""
"System.Management.Automation.Language.ParameterBindingResult","True","True","True",""
"System.Management.Automation.Language.ParameterToken","True","True","True",""
"System.Management.Automation.Language.ParenExpressionAst","True","True","True",""
"System.Management.Automation.Language.ParseError","True","True","True",""
"System.Management.Automation.Language.Parser","True","True","True",""
"System.Management.Automation.Language.PipelineAst","True","True","True",""
"System.Management.Automation.Language.PipelineBaseAst","True","True","True",""
"System.Management.Automation.Language.PropertyAttributes","True","True","True",""
"System.Management.Automation.Language.PropertyMemberAst","True","True","True",""
"System.Management.Automation.Language.RedirectionAst","True","True","True",""
"System.Management.Automation.Language.RedirectionStream","True","True","True",""
"System.Management.Automation.Language.RedirectionToken","True","True","True",""
"System.Management.Automation.Language.ReflectionTypeName","True","True","True",""
"System.Management.Automation.Language.ReturnStatementAst","True","True","True",""
"System.Management.Automation.Language.ScriptBlockAst","True","True","True",""
"System.Management.Automation.Language.ScriptBlockExpressionAst","True","True","True",""
"System.Management.Automation.Language.ScriptExtent","True","True","True",""
"System.Management.Automation.Language.ScriptPosition","True","True","True",""
"System.Management.Automation.Language.ScriptRequirements","True","True","True",""
"System.Management.Automation.Language.StatementAst","True","True","True",""
"System.Management.Automation.Language.StatementBlockAst","True","True","True",""
"System.Management.Automation.Language.StaticBindingError","True","True","True",""
"System.Management.Automation.Language.StaticBindingResult","True","True","True",""
"System.Management.Automation.Language.StaticParameterBinder","True","True","True",""
"System.Management.Automation.Language.StringConstantExpressionAst","True","True","True",""
"System.Management.Automation.Language.StringConstantType","True","True","True",""
"System.Management.Automation.Language.StringExpandableToken","True","True","True",""
"System.Management.Automation.Language.StringLiteralToken","True","True","True",""
"System.Management.Automation.Language.StringToken","True","True","True",""
"System.Management.Automation.Language.SubExpressionAst","True","True","True",""
"System.Management.Automation.Language.SwitchFlags","True","True","True",""
"System.Management.Automation.Language.SwitchStatementAst","True","True","True",""
"System.Management.Automation.Language.ThrowStatementAst","True","True","True",""
"System.Management.Automation.Language.Token","True","True","True",""
"System.Management.Automation.Language.TokenFlags","True","True","True",""
"System.Management.Automation.Language.TokenKind","True","True","True",""
"System.Management.Automation.Language.TokenTraits","True","True","True",""
"System.Management.Automation.Language.TrapStatementAst","True","True","True",""
"System.Management.Automation.Language.TryStatementAst","True","True","True",""
"System.Management.Automation.Language.TypeAttributes","True","True","True",""
"System.Management.Automation.Language.TypeConstraintAst","True","True","True",""
"System.Management.Automation.Language.TypeDefinitionAst","True","True","True",""
"System.Management.Automation.Language.TypeExpressionAst","True","True","True",""
"System.Management.Automation.Language.TypeName","True","True","True",""
"System.Management.Automation.Language.UnaryExpressionAst","True","True","True",""
"System.Management.Automation.Language.UsingExpressionAst","True","True","True",""
"System.Management.Automation.Language.UsingStatementAst","True","True","True",""
"System.Management.Automation.Language.UsingStatementKind","True","True","True",""
"System.Management.Automation.Language.VariableExpressionAst","True","True","True",""
"System.Management.Automation.Language.VariableToken","True","True","True",""
"System.Management.Automation.Language.WhileStatementAst","True","True","True",""
"System.Management.Automation.LanguagePrimitives","True","True","True",""
"System.Management.Automation.LineBreakpoint","True","True","True",""
"System.Management.Automation.ListControl","True","True","True",""
"System.Management.Automation.ListControlBuilder","True","True","True",""
"System.Management.Automation.ListControlEntry","True","True","True",""
"System.Management.Automation.ListControlEntryItem","True","True","True",""
"System.Management.Automation.ListEntryBuilder","True","True","True",""
"System.Management.Automation.LoopFlowException","True","True","True",""
"System.Management.Automation.MetadataException","True","True","True",""
"System.Management.Automation.MethodException","True","True","True",""
"System.Management.Automation.MethodInvocationException","True","True","True",""
"System.Management.Automation.ModuleAccessMode","True","True","True",""
"System.Management.Automation.ModuleIntrinsics","True","True","True",""
"System.Management.Automation.ModuleType","True","True","True",""
"System.Management.Automation.NullValidationAttributeBase","False","True","True",""
"System.Management.Automation.OutputTypeAttribute","True","True","True",""
"System.Management.Automation.PagingParameters","True","True","True",""
"System.Management.Automation.ParameterAttribute","True","True","True",""
"System.Management.Automation.ParameterBindingException","True","True","True",""
"System.Management.Automation.ParameterMetadata","True","True","True",""
"System.Management.Automation.ParameterSetMetadata","True","True","True",""
"System.Management.Automation.ParentContainsErrorRecordException","True","True","True",""
"System.Management.Automation.ParseException","True","True","True",""
"System.Management.Automation.ParsingMetadataException","True","True","True",""
"System.Management.Automation.PathInfo","True","True","True",""
"System.Management.Automation.PathInfoStack","True","True","True",""
"System.Management.Automation.PathIntrinsics","True","True","True",""
"System.Management.Automation.PerformanceData.CounterInfo","True","False","False",""
"System.Management.Automation.PerformanceData.CounterSetInstanceBase","True","False","False",""
"System.Management.Automation.PerformanceData.CounterSetRegistrarBase","True","False","False",""
"System.Management.Automation.PerformanceData.PSCounterSetInstance","True","False","False",""
"System.Management.Automation.PerformanceData.PSCounterSetRegistrar","True","False","False",""
"System.Management.Automation.PerformanceData.PSPerfCountersMgr","True","False","False",""
"System.Management.Automation.PipelineClosedException","True","True","True",""
"System.Management.Automation.PipelineDepthException","True","True","True",""
"System.Management.Automation.PipelineStoppedException","True","True","True",""
"System.Management.Automation.Platform","False","True","False",""
"System.Management.Automation.PowerShell","True","True","True",""
"System.Management.Automation.PowerShellAssemblyLoadContextInitializer","False","True","False",""
"System.Management.Automation.PowerShellStreams`2","True","True","True",""
"System.Management.Automation.PowerShellStreamType","True","True","True",""
"System.Management.Automation.ProcessRunspaceDebugEndEventArgs","False","True","False",""
"System.Management.Automation.ProgressRecord","True","True","True",""
"System.Management.Automation.ProgressRecordType","True","True","True",""
"System.Management.Automation.PropertyCmdletProviderIntrinsics","True","True","True",""
"System.Management.Automation.PropertyNotFoundException","True","True","True",""
"System.Management.Automation.Provider.CmdletProvider","True","True","True",""
"System.Management.Automation.Provider.CmdletProviderAttribute","True","True","True",""
"System.Management.Automation.Provider.ContainerCmdletProvider","True","True","True",""
"System.Management.Automation.Provider.DriveCmdletProvider","True","True","True",""
"System.Management.Automation.Provider.ICmdletProviderSupportsHelp","True","True","True",""
"System.Management.Automation.Provider.IContentCmdletProvider","True","True","True",""
"System.Management.Automation.Provider.IContentReader","True","True","True",""
"System.Management.Automation.Provider.IContentWriter","True","True","True",""
"System.Management.Automation.Provider.IDynamicPropertyCmdletProvider","True","True","True",""
"System.Management.Automation.Provider.IPropertyCmdletProvider","True","True","True",""
"System.Management.Automation.Provider.ISecurityDescriptorCmdletProvider","True","True","True",""
"System.Management.Automation.Provider.ItemCmdletProvider","True","True","True",""
"System.Management.Automation.Provider.NavigationCmdletProvider","True","True","True",""
"System.Management.Automation.Provider.ProviderCapabilities","True","True","True",""
"System.Management.Automation.ProviderCmdlet","True","True","True",""
"System.Management.Automation.ProviderInfo","True","True","True",""
"System.Management.Automation.ProviderIntrinsics","True","True","True",""
"System.Management.Automation.ProviderInvocationException","True","True","True",""
"System.Management.Automation.ProviderNameAmbiguousException","True","True","True",""
"System.Management.Automation.ProviderNotFoundException","True","True","True",""
"System.Management.Automation.ProxyCommand","True","True","True",""
"System.Management.Automation.PSAdaptedProperty","True","True","True",""
"System.Management.Automation.PSAliasProperty","True","True","True",""
"System.Management.Automation.PSArgumentException","True","True","True",""
"System.Management.Automation.PSArgumentNullException","True","True","True",""
"System.Management.Automation.PSArgumentOutOfRangeException","True","True","True",""
"System.Management.Automation.PSChildJobProxy","True","True","True",""
"System.Management.Automation.PSClassInfo","True","True","True",""
"System.Management.Automation.PSClassMemberInfo","True","True","True",""
"System.Management.Automation.PSCmdlet","True","True","True",""
"System.Management.Automation.PSCodeMethod","True","True","True",""
"System.Management.Automation.PSCodeProperty","True","True","True",""
"System.Management.Automation.PSCommand","True","True","True",""
"System.Management.Automation.PSControl","True","True","True",""
"System.Management.Automation.PSControlGroupBy","True","True","True",""
"System.Management.Automation.PSCredential","True","True","True",""
"System.Management.Automation.PSCredentialTypes","True","True","True",""
"System.Management.Automation.PSCredentialUIOptions","True","True","True",""
"System.Management.Automation.PSCustomObject","True","True","True",""
"System.Management.Automation.PSDataCollection`1","True","True","True",""
"System.Management.Automation.PSDataStreams","True","True","True",""
"System.Management.Automation.PSDebugContext","True","True","True",""
"System.Management.Automation.PSDefaultValueAttribute","True","True","True",""
"System.Management.Automation.PSDriveInfo","True","True","True",""
"System.Management.Automation.PSDynamicMember","True","True","True",""
"System.Management.Automation.PSEngineEvent","True","True","True",""
"System.Management.Automation.PSEvent","True","True","True",""
"System.Management.Automation.PSEventArgs","True","True","True",""
"System.Management.Automation.PSEventArgsCollection","True","True","True",""
"System.Management.Automation.PSEventHandler","True","True","True",""
"System.Management.Automation.PSEventJob","True","True","True",""
"System.Management.Automation.PSEventManager","True","True","True",""
"System.Management.Automation.PSEventReceivedEventHandler","True","True","True",""
"System.Management.Automation.PSEventSubscriber","True","True","True",""
"System.Management.Automation.PSEventUnsubscribedEventArgs","True","True","True",""
"System.Management.Automation.PSEventUnsubscribedEventHandler","True","True","True",""
"System.Management.Automation.PSInstaller","True","False","False",""
"System.Management.Automation.PSInvalidCastException","True","True","True",""
"System.Management.Automation.PSInvalidOperationException","True","True","True",""
"System.Management.Automation.PSInvocationSettings","True","True","True",""
"System.Management.Automation.PSInvocationState","True","True","True",""
"System.Management.Automation.PSInvocationStateChangedEventArgs","True","True","True",""
"System.Management.Automation.PSInvocationStateInfo","True","True","True",""
"System.Management.Automation.PSJobProxy","True","True","True",""
"System.Management.Automation.PSJobStartEventArgs","True","True","True",""
"System.Management.Automation.PSLanguageMode","True","True","True",""
"System.Management.Automation.PSListModifier","True","True","True",""
"System.Management.Automation.PSListModifier`1","True","True","True",""
"System.Management.Automation.PSMemberInfo","True","True","True",""
"System.Management.Automation.PSMemberInfoCollection`1","True","True","True",""
"System.Management.Automation.PSMemberSet","True","True","True",""
"System.Management.Automation.PSMemberTypes","True","True","True",""
"System.Management.Automation.PSMemberViewTypes","True","True","True",""
"System.Management.Automation.PSMethod","True","True","True",""
"System.Management.Automation.PSMethodInfo","True","True","True",""
"System.Management.Automation.PSModuleAutoLoadingPreference","True","True","True",""
"System.Management.Automation.PSModuleInfo","True","True","True",""
"System.Management.Automation.PSNoteProperty","True","True","True",""
"System.Management.Automation.PSNotImplementedException","True","True","True",""
"System.Management.Automation.PSNotSupportedException","True","True","True",""
"System.Management.Automation.PSObject","True","True","True",""
"System.Management.Automation.PSObjectDisposedException","True","True","True",""
"System.Management.Automation.PSObjectPropertyDescriptor","True","True","True",""
"System.Management.Automation.PSObjectTypeDescriptionProvider","True","True","True",""
"System.Management.Automation.PSObjectTypeDescriptor","True","True","True",""
"System.Management.Automation.PSParameterizedProperty","True","True","True",""
"System.Management.Automation.PSParseError","True","True","False","V1 parser types deprecated"
"System.Management.Automation.PSParser","True","True","False","V1 parser types deprecated"
"System.Management.Automation.PSPrimitiveDictionary","True","True","True",""
"System.Management.Automation.PSProperty","True","True","True",""
"System.Management.Automation.PSPropertyAdapter","True","True","True",""
"System.Management.Automation.PSPropertyInfo","True","True","True",""
"System.Management.Automation.PSPropertySet","True","True","True",""
"System.Management.Automation.PSReference","True","True","True",""
"System.Management.Automation.PSScriptMethod","True","True","True",""
"System.Management.Automation.PSScriptProperty","True","True","True",""
"System.Management.Automation.PSSecurityException","True","True","True",""
"System.Management.Automation.PSSerializer","True","True","True",""
"System.Management.Automation.PSSessionTypeOption","True","True","True",""
"System.Management.Automation.PSSnapIn","True","False","False","Snapin deprecated"
"System.Management.Automation.PSSnapInInfo","True","True","False","Snapin deprecated"
"System.Management.Automation.PSSnapInInstaller","True","False","False","Snapin deprecated"
"System.Management.Automation.PSSnapInSpecification","True","True","False","Snapin deprecated"
"System.Management.Automation.PSToken","True","True","False","V1 parser types deprecated"
"System.Management.Automation.PSTokenType","True","True","False","V1 parser types deprecated"
"System.Management.Automation.PSTraceSource","True","True","True",""
"System.Management.Automation.PSTraceSourceOptions","True","True","True",""
"System.Management.Automation.PSTransaction","True","False","False",""
"System.Management.Automation.PSTransactionContext","True","True","True",""
"System.Management.Automation.PSTransactionStatus","True","False","False",""
"System.Management.Automation.PSTransportOption","True","True","True",""
"System.Management.Automation.PSTypeConverter","True","True","True",""
"System.Management.Automation.PSTypeName","True","True","True",""
"System.Management.Automation.PSTypeNameAttribute","True","True","True",""
"System.Management.Automation.PSVariable","True","True","True",""
"System.Management.Automation.PSVariableIntrinsics","True","True","True",""
"System.Management.Automation.PSVariableProperty","True","True","True",""
"System.Management.Automation.PSVersionHashTable","False","True","False",""
"System.Management.Automation.ReadOnlyPSMemberInfoCollection`1","True","True","True",""
"System.Management.Automation.RedirectedException","True","True","True",""
"System.Management.Automation.RegisterArgumentCompleterCommand","True","True","True",""
"System.Management.Automation.RemoteCommandInfo","True","True","True",""
"System.Management.Automation.RemoteException","True","True","True",""
"System.Management.Automation.RemoteStreamOptions","True","True","True",""
"System.Management.Automation.Remoting.CmdletMethodInvoker`1","True","True","True",""
"System.Management.Automation.Remoting.Internal.PSStreamObject","True","True","True",""
"System.Management.Automation.Remoting.Internal.PSStreamObjectType","True","True","True",""
"System.Management.Automation.Remoting.OriginInfo","True","True","True",""
"System.Management.Automation.Remoting.ProxyAccessType","True","True","True",""
"System.Management.Automation.Remoting.PSCertificateDetails","True","True","True",""
"System.Management.Automation.Remoting.PSDirectException","True","True","True",""
"System.Management.Automation.Remoting.PSIdentity","True","True","True",""
"System.Management.Automation.Remoting.PSPrincipal","True","True","True",""
"System.Management.Automation.Remoting.PSRemotingDataStructureException","True","True","True",""
"System.Management.Automation.Remoting.PSRemotingTransportException","True","True","True",""
"System.Management.Automation.Remoting.PSRemotingTransportRedirectException","True","True","True",""
"System.Management.Automation.Remoting.PSSenderInfo","True","True","True",""
"System.Management.Automation.Remoting.PSSessionConfiguration","True","True","True",""
"System.Management.Automation.Remoting.PSSessionConfigurationData","True","True","True",""
"System.Management.Automation.Remoting.PSSessionOption","True","True","True",""
"System.Management.Automation.Remoting.SessionType","True","True","True",""
"System.Management.Automation.Remoting.WSMan.ActiveSessionsChangedEventArgs","True","True","False","WSMan not ubiquitous"
"System.Management.Automation.Remoting.WSMan.WSManServerChannelEvents","True","True","False","WSMan not ubiquitous"
"System.Management.Automation.Remoting.WSManPluginManagedEntryInstanceWrapper","True","True","True",""
"System.Management.Automation.Remoting.WSManPluginManagedEntryWrapper","True","True","True",""
"System.Management.Automation.RemotingBehavior","True","True","True",""
"System.Management.Automation.RemotingCapability","True","True","True",""
"System.Management.Automation.Repository`1","True","True","True",""
"System.Management.Automation.ResolutionPurpose","True","True","True",""
"System.Management.Automation.ReturnContainers","True","True","True",""
"System.Management.Automation.RollbackSeverity","True","True","True",""
"System.Management.Automation.RunspaceInvoke","True","False","False",""
"System.Management.Automation.RunspaceMode","True","True","True",""
"System.Management.Automation.RunspacePoolStateInfo","True","True","True",""
"System.Management.Automation.RunspaceRepository","True","True","True",""
"System.Management.Automation.Runspaces.AliasPropertyData","True","True","True",""
"System.Management.Automation.Runspaces.AssemblyConfigurationEntry","True","False","False",""
"System.Management.Automation.Runspaces.AuthenticationMechanism","True","True","True",""
"System.Management.Automation.Runspaces.CmdletConfigurationEntry","True","False","False",""
"System.Management.Automation.Runspaces.CodeMethodData","True","True","True",""
"System.Management.Automation.Runspaces.CodePropertyData","True","True","True",""
"System.Management.Automation.Runspaces.Command","True","True","True",""
"System.Management.Automation.Runspaces.CommandCollection","True","True","True",""
"System.Management.Automation.Runspaces.CommandParameter","True","True","True",""
"System.Management.Automation.Runspaces.CommandParameterCollection","True","True","True",""
"System.Management.Automation.Runspaces.ConstrainedSessionStateEntry","True","True","True",""
"System.Management.Automation.Runspaces.ContainerConnectionInfo","True","True","True",""
"System.Management.Automation.Runspaces.FormatConfigurationEntry","True","False","False",""
"System.Management.Automation.Runspaces.FormatTable","True","True","True",""
"System.Management.Automation.Runspaces.FormatTableLoadException","True","True","True",""
"System.Management.Automation.Runspaces.InitialSessionState","True","True","True",""
"System.Management.Automation.Runspaces.InitialSessionStateEntry","True","True","True",""
"System.Management.Automation.Runspaces.InitialSessionStateEntryCollection`1","True","True","True",""
"System.Management.Automation.Runspaces.InvalidPipelineStateException","True","True","True",""
"System.Management.Automation.Runspaces.InvalidRunspacePoolStateException","True","True","True",""
"System.Management.Automation.Runspaces.InvalidRunspaceStateException","True","True","True",""
"System.Management.Automation.Runspaces.MemberSetData","True","True","True",""
"System.Management.Automation.Runspaces.NamedPipeConnectionInfo","True","True","True",""
"System.Management.Automation.Runspaces.NotePropertyData","True","True","True",""
"System.Management.Automation.Runspaces.OutputBufferingMode","True","True","True",""
"System.Management.Automation.Runspaces.Pipeline","True","True","False","V1 runspace apis deprecated in favor of PowerShell Type"
"System.Management.Automation.Runspaces.PipelineReader`1","True","True","False","V1 runspace apis deprecated in favor of PowerShell Type"
"System.Management.Automation.Runspaces.PipelineResultTypes","True","True","True",""
"System.Management.Automation.Runspaces.PipelineState","True","True","True",""
"System.Management.Automation.Runspaces.PipelineStateEventArgs","True","True","False","V1 runspace apis deprecated in favor of PowerShell Type"
"System.Management.Automation.Runspaces.PipelineStateInfo","True","True","False","V1 runspace apis deprecated in favor of PowerShell Type"
"System.Management.Automation.Runspaces.PipelineWriter","True","True","False","V1 runspace apis deprecated in favor of PowerShell Type"
"System.Management.Automation.Runspaces.PowerShellProcessInstance","True","True","False","V1 runspace apis deprecated in favor of PowerShell Type"
"System.Management.Automation.Runspaces.PropertySetData","True","True","True",""
"System.Management.Automation.Runspaces.ProviderConfigurationEntry","True","False","False",""
"System.Management.Automation.Runspaces.PSConsoleLoadException","True","True","True",""
"System.Management.Automation.Runspaces.PSSession","True","True","True",""
"System.Management.Automation.Runspaces.PSSessionConfigurationAccessMode","True","True","True",""
"System.Management.Automation.Runspaces.PSSessionType","True","True","True",""
"System.Management.Automation.Runspaces.PSSnapInException","True","True","False","Snapin deprecated"
"System.Management.Automation.Runspaces.PSThreadOptions","True","True","True",""
"System.Management.Automation.Runspaces.RemotingDebugRecord","True","True","True",""
"System.Management.Automation.Runspaces.RemotingErrorRecord","True","True","True",""
"System.Management.Automation.Runspaces.RemotingInformationRecord","True","True","True",""
"System.Management.Automation.Runspaces.RemotingProgressRecord","True","True","True",""
"System.Management.Automation.Runspaces.RemotingVerboseRecord","True","True","True",""
"System.Management.Automation.Runspaces.RemotingWarningRecord","True","True","True",""
"System.Management.Automation.Runspaces.Runspace","True","True","True",""
"System.Management.Automation.Runspaces.RunspaceAvailability","True","True","True",""
"System.Management.Automation.Runspaces.RunspaceAvailabilityEventArgs","True","True","True",""
"System.Management.Automation.Runspaces.RunspaceCapability","True","True","True",""
"System.Management.Automation.Runspaces.RunspaceConfiguration","True","False","False",""
"System.Management.Automation.Runspaces.RunspaceConfigurationAttributeException","True","False","False",""
"System.Management.Automation.Runspaces.RunspaceConfigurationEntry","True","False","False",""
"System.Management.Automation.Runspaces.RunspaceConfigurationEntryCollection`1","True","False","False",""
"System.Management.Automation.Runspaces.RunspaceConfigurationTypeAttribute","True","False","False",""
"System.Management.Automation.Runspaces.RunspaceConfigurationTypeException","True","False","False",""
"System.Management.Automation.Runspaces.RunspaceConnectionInfo","True","True","True",""
"System.Management.Automation.Runspaces.RunspaceFactory","True","True","True",""
"System.Management.Automation.Runspaces.RunspaceOpenModuleLoadException","True","True","True",""
"System.Management.Automation.Runspaces.RunspacePool","True","True","True",""
"System.Management.Automation.Runspaces.RunspacePoolAvailability","True","True","True",""
"System.Management.Automation.Runspaces.RunspacePoolCapability","True","True","True",""
"System.Management.Automation.Runspaces.RunspacePoolState","True","True","True",""
"System.Management.Automation.Runspaces.RunspacePoolStateChangedEventArgs","True","True","True",""
"System.Management.Automation.Runspaces.RunspaceState","True","True","True",""
"System.Management.Automation.Runspaces.RunspaceStateEventArgs","True","True","True",""
"System.Management.Automation.Runspaces.RunspaceStateInfo","True","True","True",""
"System.Management.Automation.Runspaces.ScriptConfigurationEntry","True","False","False",""
"System.Management.Automation.Runspaces.ScriptMethodData","True","True","True",""
"System.Management.Automation.Runspaces.ScriptPropertyData","True","True","True",""
"System.Management.Automation.Runspaces.SessionStateAliasEntry","True","True","True",""
"System.Management.Automation.Runspaces.SessionStateApplicationEntry","True","True","True",""
"System.Management.Automation.Runspaces.SessionStateAssemblyEntry","True","True","True",""
"System.Management.Automation.Runspaces.SessionStateCmdletEntry","True","True","True",""
"System.Management.Automation.Runspaces.SessionStateCommandEntry","True","True","True",""
"System.Management.Automation.Runspaces.SessionStateFormatEntry","True","True","True",""
"System.Management.Automation.Runspaces.SessionStateFunctionEntry","True","True","True",""
"System.Management.Automation.Runspaces.SessionStateProviderEntry","True","True","True",""
"System.Management.Automation.Runspaces.SessionStateProxy","True","True","True",""
"System.Management.Automation.Runspaces.SessionStateScriptEntry","True","True","True",""
"System.Management.Automation.Runspaces.SessionStateTypeEntry","True","True","True",""
"System.Management.Automation.Runspaces.SessionStateVariableEntry","True","True","True",""
"System.Management.Automation.Runspaces.SessionStateWorkflowEntry","True","False","False",""
"System.Management.Automation.Runspaces.SSHConnectionInfo","False","True","False",""
"System.Management.Automation.Runspaces.TargetMachineType","True","True","True",""
"System.Management.Automation.Runspaces.TypeConfigurationEntry","True","False","False",""
"System.Management.Automation.Runspaces.TypeData","True","True","True",""
"System.Management.Automation.Runspaces.TypeMemberData","True","True","True",""
"System.Management.Automation.Runspaces.TypeTable","True","True","True",""
"System.Management.Automation.Runspaces.TypeTableLoadException","True","True","True",""
"System.Management.Automation.Runspaces.VMConnectionInfo","True","True","False","Not available on all platforms"
"System.Management.Automation.Runspaces.WSManConnectionInfo","True","True","True",""
"System.Management.Automation.RuntimeDefinedParameter","True","True","True",""
"System.Management.Automation.RuntimeDefinedParameterDictionary","True","True","True",""
"System.Management.Automation.RuntimeException","True","True","True",""
"System.Management.Automation.ScopedItemOptions","True","True","True",""
"System.Management.Automation.ScriptBlock","True","True","True",""
"System.Management.Automation.ScriptBlockToPowerShellNotSupportedException","True","True","True",""
"System.Management.Automation.ScriptCallDepthException","True","True","True",""
"System.Management.Automation.ScriptInfo","True","True","True",""
"System.Management.Automation.ScriptRequiresException","True","True","True",""
"System.Management.Automation.Security.SystemEnforcementMode","True","False","False",""
"System.Management.Automation.Security.SystemPolicy","True","False","False",""
"System.Management.Automation.SecurityDescriptorCmdletProviderIntrinsics","True","True","True",""
"System.Management.Automation.SemanticVersion","False","True","False",""
"System.Management.Automation.SessionCapabilities","True","True","True",""
"System.Management.Automation.SessionState","True","True","True",""
"System.Management.Automation.SessionStateCategory","True","True","True",""
"System.Management.Automation.SessionStateEntryVisibility","True","True","True",""
"System.Management.Automation.SessionStateException","True","True","True",""
"System.Management.Automation.SessionStateOverflowException","True","False","False",""
"System.Management.Automation.SessionStateUnauthorizedAccessException","True","True","True",""
"System.Management.Automation.SettingValueExceptionEventArgs","True","True","True",""
"System.Management.Automation.SetValueException","True","True","True",""
"System.Management.Automation.SetValueInvocationException","True","True","True",""
"System.Management.Automation.ShouldProcessReason","True","True","True",""
"System.Management.Automation.Signature","True","True","True",""
"System.Management.Automation.SignatureStatus","True","True","True",""
"System.Management.Automation.SignatureType","True","True","True",""
"System.Management.Automation.SigningOption","True","True","True",""
"System.Management.Automation.SplitOptions","True","True","True",""
"System.Management.Automation.StartRunspaceDebugProcessingEventArgs","False","True","False",""
"System.Management.Automation.SteppablePipeline","True","True","True",""
"System.Management.Automation.SupportsWildcardsAttribute","True","True","True",""
"System.Management.Automation.SwitchParameter","True","True","True",""
"System.Management.Automation.TableControl","True","True","True",""
"System.Management.Automation.TableControlBuilder","True","True","True",""
"System.Management.Automation.TableControlColumn","True","True","True",""
"System.Management.Automation.TableControlColumnHeader","True","True","True",""
"System.Management.Automation.TableControlRow","True","True","True",""
"System.Management.Automation.TableRowDefinitionBuilder","True","True","True",""
"System.Management.Automation.TerminateException","True","True","True",""
"System.Management.Automation.Tracing.BaseChannelWriter","True","False","False",""
"System.Management.Automation.Tracing.CallbackNoParameter","True","False","False",""
"System.Management.Automation.Tracing.CallbackWithState","True","False","False",""
"System.Management.Automation.Tracing.CallbackWithStateAndArgs","True","False","False",""
"System.Management.Automation.Tracing.EtwActivity","True","True","False","Windows specific"
"System.Management.Automation.Tracing.EtwEvent","True","False","False",""
"System.Management.Automation.Tracing.EtwEventArgs","True","False","False",""
"System.Management.Automation.Tracing.EtwEventCorrelator","True","False","False",""
"System.Management.Automation.Tracing.IEtwActivityReverter","True","False","False",""
"System.Management.Automation.Tracing.IEtwEventCorrelator","True","False","False",""
"System.Management.Automation.Tracing.NullWriter","True","False","False",""
"System.Management.Automation.Tracing.PowerShellChannelWriter","True","False","False",""
"System.Management.Automation.Tracing.PowerShellTraceChannel","True","False","False",""
"System.Management.Automation.Tracing.PowerShellTraceEvent","True","False","False",""
"System.Management.Automation.Tracing.PowerShellTraceKeywords","True","True","False","Windows specific"
"System.Management.Automation.Tracing.PowerShellTraceLevel","True","False","False",""
"System.Management.Automation.Tracing.PowerShellTraceOperationCode","True","False","False",""
"System.Management.Automation.Tracing.PowerShellTraceSource","True","True","False","Windows specific"
"System.Management.Automation.Tracing.PowerShellTraceSourceFactory","True","True","False","Windows specific"
"System.Management.Automation.Tracing.PowerShellTraceTask","True","True","False","Windows specific"
"System.Management.Automation.Tracing.Tracer","True","True","False","Windows specific"
"System.Management.Automation.TypeInferenceRuntimePermissions","False","True","False",""
"System.Management.Automation.ValidateArgumentsAttribute","True","True","True",""
"System.Management.Automation.ValidateCountAttribute","True","True","True",""
"System.Management.Automation.ValidateDriveAttribute","True","True","True",""
"System.Management.Automation.ValidateEnumeratedArgumentsAttribute","True","True","True",""
"System.Management.Automation.ValidateLengthAttribute","True","True","True",""
"System.Management.Automation.ValidateNotNullAttribute","True","True","True",""
"System.Management.Automation.ValidateNotNullOrEmptyAttribute","True","True","True",""
"System.Management.Automation.ValidatePatternAttribute","True","True","True",""
"System.Management.Automation.ValidateRangeAttribute","True","True","True",""
"System.Management.Automation.ValidateRangeKind","False","True","False",""
"System.Management.Automation.ValidateScriptAttribute","True","True","True",""
"System.Management.Automation.ValidateSetAttribute","True","True","True",""
"System.Management.Automation.ValidateTrustedDataAttribute","True","False","False",""
"System.Management.Automation.ValidateUserDriveAttribute","True","True","True",""
"System.Management.Automation.ValidationMetadataException","True","True","True",""
"System.Management.Automation.VariableAccessMode","True","True","True",""
"System.Management.Automation.VariableBreakpoint","True","True","True",""
"System.Management.Automation.VariablePath","True","True","True",""
"System.Management.Automation.VerbInfo","False","True","False",""
"System.Management.Automation.VerboseRecord","True","True","True",""
"System.Management.Automation.VerbsCommon","True","True","True",""
"System.Management.Automation.VerbsCommunications","True","True","True",""
"System.Management.Automation.VerbsData","True","True","True",""
"System.Management.Automation.VerbsDiagnostic","True","True","True",""
"System.Management.Automation.VerbsLifecycle","True","True","True",""
"System.Management.Automation.VerbsOther","True","True","True",""
"System.Management.Automation.VerbsSecurity","True","True","True",""
"System.Management.Automation.WarningRecord","True","True","True",""
"System.Management.Automation.WhereOperatorSelectionMode","True","True","True",""
"System.Management.Automation.WideControl","True","True","True",""
"System.Management.Automation.WideControlBuilder","True","True","True",""
"System.Management.Automation.WideControlEntryItem","True","True","True",""
"System.Management.Automation.WildcardOptions","True","True","True",""
"System.Management.Automation.WildcardPattern","True","True","True",""
"System.Management.Automation.WildcardPatternException","True","True","True",""
"System.Management.Automation.WorkflowInfo","True","True","False","Workflow deprecated"
